﻿{
   "CodeGenerationMode": 2,
   "ContextClassName": "TheRideYouRentDBContext",
   "ContextNamespace": null,
   "DefaultDacpacSchema": null,
   "FilterSchemas": false,
   "IncludeConnectionString": true,
   "ModelNamespace": null,
   "OutputContextPath": "Data",
   "OutputPath": "Models",
   "PreserveCasingWithRegex": true,
   "ProjectRootNamespace": "cldv6211TheRideYouRent",
   "Schemas": null,
   "SelectedHandlebarsLanguage": 0,
   "SelectedToBeGenerated": 0,
   "Tables": [
      {
         "Name": "[dbo].[Car]",
         "ObjectType": 0
      },
      {
         "Name": "[dbo].[Car_BodyType]",
         "ObjectType": 0
      },
      {
         "Name": "[dbo].[Car_Make]",
         "ObjectType": 0
      },
      {
         "Name": "[dbo].[Driver]",
         "ObjectType": 0
      },
      {
         "Name": "[dbo].[Inspector]",
         "ObjectType": 0
      },
      {
         "Name": "[dbo].[Rental]",
         "ObjectType": 0
      },
      {
         "Name": "[dbo].[ReturnCar]",
         "ObjectType": 0
      }
   ],
   "UiHint": "cldv6211poepart3.TheRideYouRentDB.dbo",
   "UncountableWords": null,
   "UseBoolPropertiesWithoutDefaultSql": false,
   "UseDatabaseNames": false,
   "UseDateOnlyTimeOnly": false,
   "UseDbContextSplitting": false,
   "UseFluentApiOnly": true,
   "UseHandleBars": false,
   "UseHierarchyId": false,
   "UseInflector": false,
   "UseLegacyPluralizer": false,
   "UseManyToManyEntity": false,
   "UseNoDefaultConstructor": false,
   "UseNoObjectFilter": false,
   "UseNodaTime": false,
   "UseNullableReferences": false,
   "UseSchemaFolders": false,
   "UseSpatial": false,
   "UseT4": false
}